{
  "class-1760824270504": {
    "name": "Finanse",
    "professor": "dr hab. Magdalena Redo",
    "type": "Wyklad",
    "date": "2025-10-19",
    "time": "8:00",
    "location": "Online",
    "channelId": "1429221945441915000",
    "messageId": "1429225320300417064",
    "createdBy": "494501112381046795",
    "createdAt": "2025-10-18T21:51:10.505Z"
  },
  "class-1760824734854": {
    "name": "Finanse",
    "professor": "dr hab. Magdalena Redo",
    "type": "Wyklad",
    "date": "2025-10-19",
    "time": "9:40",
    "location": "Online",
    "channelId": "1429221945441915000",
    "messageId": "1429227270240866406",
    "createdBy": "494501112381046795",
    "createdAt": "2025-10-18T21:58:55.092Z"
  },
  "class-1760824874822": {
    "name": "Inżynieria Materiałowa",
    "professor": "dr inż. Tomasz Karasiewicz",
    "type": "E-Learning",
    "date": "2025-10-24",
    "time": "20:00",
    "location": "Online",
    "channelId": "1429221945441915000",
    "messageId": "1429227856155774989",
    "createdBy": "494501112381046795",
    "createdAt": "2025-10-18T22:01:14.822Z"
  },
  "class-1760825181488": {
    "name": "Ochrona Własności Intelektualnej",
    "professor": "mgr Monika Bartczak",
    "type": "E-Learning",
    "date": "2025-11-07",
    "time": "20:00",
    "location": "Online",
    "channelId": "1429221945441915000",
    "messageId": "1429229142276178030",
    "createdBy": "494501112381046795",
    "createdAt": "2025-10-18T22:06:21.488Z"
  },
  "class-1760825203770": {
    "name": "Arkusze Kalkulacyjne",
    "professor": "mgr inż. Grzegorz Osiński",
    "type": "E-Learning",
    "date": "2025-11-07",
    "time": "20:00",
    "location": "Online",
    "channelId": "1429221945441915000",
    "messageId": "1429229236694286390",
    "createdBy": "494501112381046795",
    "createdAt": "2025-10-18T22:06:43.992Z"
  },
  "class-1760825708888": {
    "name": "Podstawy Rysunku Technicznego",
    "professor": "mgr inż. Grzegorz Osiński",
    "type": "E-Learning",
    "date": "2025-11-07",
    "time": "20:00",
    "location": "Online",
    "channelId": "1429221945441915000",
    "messageId": "1429231354499039262",
    "createdBy": "494501112381046795",
    "createdAt": "2025-10-18T22:15:08.888Z"
  },
  "class-1760897932242": {
    "name": "Zarządzanie",
    "professor": "dr Andrzej Marjański",
    "type": "Wyklad",
    "date": "2025-11-08",
    "time": "8:00",
    "location": "Online",
    "channelId": "1429221945441915000",
    "messageId": "1429534280916271309",
    "createdBy": "768503906149728296",
    "createdAt": "2025-10-19T18:18:52.242Z"
  },
  "class-1760898215749": {
    "name": "Zarządzanie",
    "professor": "dr Andrzej Marjański",
    "type": "Wyklad",
    "date": "2025-11-08",
    "time": "9:40",
    "location": "Online",
    "channelId": "1429221945441915000",
    "messageId": "1429535470379073638",
    "createdBy": "768503906149728296",
    "createdAt": "2025-10-19T18:23:35.750Z"
  },
  "class-1760898407462": {
    "name": "Elementy Elektrotechniki I Elektroniki",
    "professor": "dr Lidia Mosińska",
    "type": "Wyklad",
    "date": "2025-11-08",
    "time": "11:20",
    "location": "Online",
    "channelId": "1429221945441915000",
    "messageId": "1429536273793814629",
    "createdBy": "768503906149728296",
    "createdAt": "2025-10-19T18:26:47.462Z"
  },
  "class-1760898442073": {
    "name": "Elementy Elektrotechniki I Elektroniki",
    "professor": "dr Lidia Mosińska",
    "type": "Wyklad",
    "date": "2025-11-08",
    "time": "13:10",
    "location": "Online",
    "channelId": "1429221945441915000",
    "messageId": "1429536419638018089",
    "createdBy": "768503906149728296",
    "createdAt": "2025-10-19T18:27:22.073Z"
  },
  "class-1760898676765": {
    "name": "Inżynieria Materiałowa",
    "professor": "dr inż. Tomasz Karasiewicz",
    "type": "Wyklad",
    "date": "2025-11-08",
    "time": "15:00",
    "location": "Online",
    "channelId": "1429221945441915000",
    "messageId": "1429537404087173342",
    "createdBy": "768503906149728296",
    "createdAt": "2025-10-19T18:31:16.765Z"
  },
  "class-1760898731634": {
    "name": "Inżynieria Materiałowa",
    "professor": "dr inż. Tomasz Karasiewicz",
    "type": "Wyklad",
    "date": "2025-11-08",
    "time": "16:40",
    "location": "Online",
    "channelId": "1429221945441915000",
    "messageId": "1429537634144751656",
    "createdBy": "768503906149728296",
    "createdAt": "2025-10-19T18:32:11.634Z"
  },
  "class-1760898783587": {
    "name": "Podstawy Rysunku Technicznego",
    "professor": "dr inż. Wojciech Lewandowski",
    "type": "Wyklad",
    "date": "2025-11-08",
    "time": "18:20",
    "location": "Online",
    "channelId": "1429221945441915000",
    "messageId": "1429537852055748689",
    "createdBy": "768503906149728296",
    "createdAt": "2025-10-19T18:33:03.587Z"
  }
}